<?xml version="1.0" encoding="UTF-8"?>
<beans xmlns="http://www.springframework.org/schema/beans"
	xmlns:xsi="http://www.w3.org/2001/XMLSchema-instance"
	xsi:schemaLocation="http://www.springframework.org/schema/beans https://www.springframework.org/schema/beans/spring-beans.xsd">	
	
	<!-- DBConnectionInfo 빈 -->
	
	<!-- 개발에 이용하는 데이터베이스 빈 생성 -->
	<bean id="dev_DBConnectionInfoDev"
		class="com.myproject.haksa.utils.DBConnectionInfo">
		<property name="url" value="000.000.000.000" />
		<property name="userId" value="admin" />
		<property name="userPw" value="0000" />
	</bean>

	<!-- 실제 서비스에 이용하는 데이터베이스 빈 생성 -->
	<bean id="real_DBConnectionInfo"
		class="com.myproject.haksa.utils.DBConnectionInfo">
		<property name="url" value="111.111.111.111" />
		<property name="userId" value="master" />
		<property name="userPw" value="1111" />
	</bean>	
	
</beans>
