<?xml version="1.0" encoding="UTF-8"?>
<beans xmlns="http://www.springframework.org/schema/beans"
	xmlns:xsi="http://www.w3.org/2001/XMLSchema-instance"
	xsi:schemaLocation="http://www.springframework.org/schema/beans https://www.springframework.org/schema/beans/spring-beans.xsd">
	
	<!-- Root Context: defines shared resources visible to all other web components -->
	<!-- InitSampleData initData = new InitSampleData() -->
	<bean id="initData" class = "com.myproject.haksa.utils.InitSampleData" >
		<constructor-arg ref="studentRegisterService"/>
		<property name="sNums">
			<array>
				<value>hbs001</value>
				<value>hbs002</value>
				<value>hbs003</value>
				<value>hbs004</value>
				<value>hbs005</value>
			</array>
		</property>
		<property name="sIds">
			<array>
				<value>rabbit</value>
				<value>hippo</value>
				<value>raccoon</value>
				<value>elephant</value>
				<value>lion</value>
			</array>
		</property>
		<property name="sPws">
			<array>
				<value>p0001</value>
				<value>p0002</value>
				<value>p0003</value>
				<value>p0004</value>
				<value>p0005</value>
			</array>
		</property>
		<property name="sNames">
			<array>
				<value>agatha</value>
				<value>barbara</value>
				<value>chris</value>
				<value>doris</value>
				<value>elva</value>
			</array>
		</property>
		<property name="sAges">
			<array>
				<value>19</value>
				<value>22</value>
				<value>20</value>
				<value>27</value>
				<value>19</value>
			</array>
		</property>
		<property name="sGenders">
			<array>
				<value>M</value>
				<value>W</value>
				<value>W</value>
				<value>M</value>
				<value>M</value>
			</array>
		</property>
		<property name="sMajors">
			<array>
				<value>English</value>
				<value>Korean</value>
				<value>French</value>
				<value>Philosophy</value>
				<value>History</value>
			</array>
		</property>
	</bean>
		
	<bean id="studentDao" class="com.myproject.haksa.dao.StudentDao"></bean>
	
	<bean id="studentRegisterService" class="com.myproject.haksa.service.StudentRegisterService">
		<constructor-arg ref="studentDao"/>
	</bean>
	
	<bean id="studentModifyService" class="com.myproject.haksa.service.StudentModifyService">
		<constructor-arg ref="studentDao"/>
	</bean>
	
	<bean id="studentDeleteService" class="com.myproject.haksa.service.StudentDeleteService">
		<constructor-arg ref="studentDao"/>
	</bean>
	
	<bean id="studentSelectService" class="com.myproject.haksa.service.StudentSelectService">
		<constructor-arg ref="studentDao"/>
	</bean>
	
	<bean id="studentAllSelectService" class="com.myproject.haksa.service.StudentAllSelectService">
		<constructor-arg ref="studentDao"/>
	</bean>
	
	<bean id="printStudentInformationService" class="com.myproject.haksa.service.PrintStudentInfomationService">
		<constructor-arg ref="studentAllSelectService"/>
	</bean>
	
	
</beans>
