<?xml version="1.0" encoding="UTF-8"?>
<beans xmlns="http://www.springframework.org/schema/beans"
	xmlns:xsi="http://www.w3.org/2001/XMLSchema-instance"
	xsi:schemaLocation="http://www.springframework.org/schema/beans https://www.springframework.org/schema/beans/spring-beans.xsd">
	
	<!-- Root Context: defines shared resources visible to all other web components -->
	<!-- mysql 접속 -->
	<bean id = "dataSource" class="org.apache.commons.dbcp2.BasicDataSource" destroy-method="close">
		<property name="driverClassName" value="com.mysql.cj.jdbc.Driver"/>
		<property name="url" value="jdbc:mysql://localhost:3306/db_library?serverTimezone=UTC&amp;useSSL=false&amp;useUnicode=true&amp;characterEncoding=UTF-8" />
		<property name="username" value="root"/>
		<property name="password" value="1234"/>		
	</bean>

	<!-- mysql 과 mybatis 연결  쿼리를 수행할 xml정보를 포함 -->
	<bean id="sqlSessionFactory" class="org.mybatis.spring.SqlSessionFactoryBean">
		<property name="dataSource" ref="dataSource"/>
		<property name="mapperLocations" value="classpath:/sqlmap/**/*_sql.xml" />
	</bean>

	<!-- 실제사용하는 bean -->
	<bean id= "sqlSessionTemplate" class="org.mybatis.spring.SqlSessionTemplate">
		<constructor-arg index="0" ref="sqlSessionFactory"></constructor-arg>
	</bean>
	
	<bean id= "bCryptPasswordEncoder" class="org.springframework.security.crypto.bcrypt.BCryptPasswordEncoder">
	</bean>

	<!-- 자바메일 -->
	<bean id="mailSender" class="org.springframework.mail.javamail.JavaMailSenderImpl">
		<property name="host" value="smtp.gmail.com"></property>
		<property name="port" value="587"></property>
		<property name="username" value="pia222.kr.20231211@gmail.com"></property>
		<property name="password" value="vkdv bhgg mywc ydxm"></property>
		<property name="javaMailProperties">
			<props>
				<prop key="mail.smtp.auth">true</prop>
				<prop key="mail.smtp.starttls.enable">true</prop>
			</props>
		</property>
	</bean>
	
	<!-- 파일업로드 빈 -->
	<!-- ***** spring frame look at multipartResolver never change name ***** --> 
	<bean id = "multipartResolver" class="org.springframework.web.multipart.commons.CommonsMultipartResolver">
		<property name="maxUploadSize" value="10240000"></property>
		<property name="defaultEncoding" value="utf-8"></property>
	</bean>
	
		
</beans>
