<?xml version="1.0" encoding="UTF-8"?>
<beans xmlns="http://www.springframework.org/schema/beans"
	xmlns:xsi="http://www.w3.org/2001/XMLSchema-instance"
	xsi:schemaLocation="http://www.springframework.org/schema/beans https://www.springframework.org/schema/beans/spring-beans.xsd">
	
	<!-- Root Context: defines shared resources visible to all other web components -->
	<!-- InitSampleData initData = new InitSampleData() -->
	<bean id="initData" class = "com.myproject.haksa.utils.InitSampleData" >
		<constructor-arg ref="studentRegisterService"/>
		<property name="sNums">
			<array>
				<value>hbs001</value>
				<value>hbs002</value>
				<value>hbs003</value>
				<value>hbs004</value>
				<value>hbs005</value>
			</array>
		</property>
	</bean>	
	
	<bean id="studentDao" class="com.myproject.haksa.dao.StudentDao"></bean>
	<bean id="studentRegisterService" class="com.myproject.haksa.service.StudentRegisterService">
		<constructor-arg ref="studentDao"/>
	</bean>
	
</beans>
