<?xml version="1.0" encoding="UTF-8"?>
<!DOCTYPE  mapper PUBLIC "-//mybatis.org//DTD Mapper 3.0//EN" "http://mybatis.org/dtd/mybatis-3-mapper.dtd">
<mapper namespace="adminMember">
	<insert id="adminMemberInsert" parameterType="hashmap">
		insert into tbl_admin_member
		values(
		null,		
		<choose>
			<when test="a_m_id == 'super admin'">
				1,
			</when>
			<otherwise>
			    0,
			</otherwise>
		</choose>
		#{a_m_id},
		#{a_m_pw},#{a_m_name},#{a_m_gender},
		#{a_m_part},#{a_m_position},#{a_m_mail},#{a_m_phone},now(),null
		)
	</insert>

	<select id="selectAdmin" parameterType="string"
		resultType="com.office.library.admin.member.AdminMemberVo">
		SELECT * FROM tbl_admin_member WHERE a_m_id = #{a_m_id} and a_m_approval > 0
	</select>
	
	<select id="selectAdmins" resultType="hashmap">
		select * from tbl_admin_member
	</select>
	
	<update id="setAdminApproval" parameterType="int">
		update tbl_admin_member
			set a_m_approval = 1
		where a_m_no = #{a_m_no}
	</update>
	
	<update id="modifyAccountConfirm" parameterType="hashmap">
		update tbl_admin_member
			set a_m_name = #{a_m_name}, 
				a_m_gender = #{a_m_gender},
				a_m_part = #{a_m_part},
				a_m_position = #{a_m_position},
				a_m_mail = #{a_m_mail},
				a_m_phone = #{a_m_phone},
				a_m_mod_date = now()
		where a_m_no = #{a_m_no}
	</update>
	
	<select id="findPasswordConfirm" parameterType="hashmap" 
		resultType="com.office.library.admin.member.AdminMemberVo">
		select * from tbl_admin_member
			where a_m_id = #{a_m_id}
						
	</select>
	
	
	<update id="updatePassword" parameterType="hashmap">
		update tbl_admin_member
			set a_m_pw = #{newPassowrd}
		where a_m_id = #{a_m_id}
	</update>
	
	
</mapper>