<?xml version="1.0" encoding="UTF-8"?>

<beans xmlns="http://www.springframework.org/schema/beans"  
    xmlns:xsi="http://www.w3.org/2001/XMLSchema-instance"  
    xsi:schemaLocation="http://www.springframework.org/schema/beans 
    http://www.springframework.org/schema/beans/spring-beans.xsd">  

    <bean id="cAdd" class="spring_calc.CalAdd" />
    <bean id="cSub" class="spring_calc.CalSub" />
    <bean id="cMul" class="spring_calc.CalMul" />
    <bean id="cDiv" class="spring_calc.CalDiv" />

    <bean id="myCalculator" class="spring_calc.MyCalculator" />

    <bean id="calAssembler" class="spring_calc.CalAssembler" >
        <constructor-arg ref="myCalculator" />
        <constructor-arg ref="cAdd" />
        <constructor-arg ref="cSub" />
        <constructor-arg ref="cMul" />
        <constructor-arg ref="cDiv" />
    </bean>

</beans>   