<?xml version="1.0" encoding="UTF-8"?>
<!DOCTYPE log4j:configuration PUBLIC "-//APACHE//DTD LOG4J 1.2//EN" "log4j.dtd">
<log4j:configuration
	xmlns:log4j="http://jakarta.apache.org/log4j/">

	<!-- Appenders -->
	<appender name="console"
		class="org.apache.log4j.ConsoleAppender">
		<param name="Target" value="System.out" />
		<layout class="org.apache.log4j.PatternLayout">
			<param name="ConversionPattern" value="%-5p: %c - %m%n" />
		</layout>
	</appender>

	<!-- 날짜별 로그 파일 생성 -->
	<appender name="rollingFile"
		class="org.apache.log4j.DailyRollingFileAppender">
		<param name="File" value="/LOG/all.log" />
		<param name="Append" value="true" />		
		<!-- param name="MaxFileSize" value="100MB"/ -->
		<!-- param name="MaxBackupIndex" value="2"/>-->		
		<param name="DatePattern" value="'.'yyyy-MM-dd" />
		<layout class="org.apache.log4j.PatternLayout">
			<param name="ConversionPattern"
				value="%d %p [%C{10}] %m [%X{userId}]%n" />
		</layout>
	</appender>




	<!-- Application Loggers -->
	<!-- <logger name="com.office.library"> <level value="info" /> </logger> -->

	<!-- 3rdparty Loggers -->
	<logger name="org.springframework.core">
		<level value="debug" />
	</logger>

	<logger name="org.springframework.beans">
		<level value="debug" />
	</logger>

	<logger name="org.springframework.context">
		<level value="debug" />
	</logger>

	<logger name="org.springframework.web">
		<level value="debug" />
	</logger>

	<!-- Root Logger -->
	<root>
		<priority value="debug" />
		<appender-ref ref="console" />
		<appender-ref ref="rollingFile" />
	</root>

</log4j:configuration>
