<?xml version="1.0" encoding="UTF-8"?>
<!DOCTYPE  mapper PUBLIC "-//mybatis.org//DTD Mapper 3.0//EN" "http://mybatis.org/dtd/mybatis-3-mapper.dtd">
<mapper namespace="userMember">
	
	<update id="modifyAccountConfirm" parameterType="hashmap">
		update tbl_user_member 
			set 
				u_m_name	= #{u_m_name},	
				u_m_gender	= #{u_m_gender},
				u_m_mail	= #{u_m_mail},
				u_m_phone	= #{u_m_phone},			
				u_m_mod_date = now()
			where u_m_no = #{u_m_no}
	</update>
	
	<select id="selectBym_no" parameterType="int" 
		resultType="com.office.library.user.member.UserMemberVo">
		select * from tbl_user_member where u_m_no = #{u_m_no}
	</select>
	
	<select id="findPasswordConfirm" parameterType="hashmap" 
	resultType="com.office.library.user.member.UserMemberVo">
		select * from tbl_user_member
			where u_m_id = #{u_m_id} 
				and u_m_name = #{u_m_name}
				and u_m_mail = #{u_m_mail}
	</select>
	
	<update id="updatePassword" parameterType="hashmap">
		update tbl_user_member set u_m_pw = #{u_m_pw}
			where u_m_id = #{u_m_id}
	</update>
	
</mapper>