<?xml version="1.0" encoding="UTF-8"?>
<!DOCTYPE  mapper PUBLIC "-//mybatis.org//DTD Mapper 3.0//EN" "http://mybatis.org/dtd/mybatis-3-mapper.dtd">
<mapper namespace="adbminbook">
	
	<select id="isISBN" parameterType="String" resultType="int">
		select count(*) from tbl_book where b_isbn = #{b_isbn}
	</select>
	
	<insert id="insertBook" parameterType="hashmap">
		insert into tbl_book
			values(
				null,
				#{b_thumbnail},		
				#{b_name},			
				#{b_author},		
				#{b_publisher},		
				#{b_publish_year},	
				#{b_isbn},			
				#{b_call_number},	
				#{b_rantal_able},	
				now(),		
				null				
			)
	</insert>
	
	<select id="searchBookConfirm" parameterType="string" resultType="hashmap">
		select * from tbl_book where b_name like #{b_name}
	</select>
	
	<select id="bookDetail" parameterType="int" 
	resultType="com.office.library.book.BookVo">
		select * from tbl_book where b_no = #{b_no}	
	</select>
	
</mapper>